{
  "Creatbooking" : {
    "transaction" : "Creatbooking",
    "sampleCount" : 1000,
    "errorCount" : 0,
    "errorPct" : 0.0,
    "meanResTime" : 690.3240000000001,
    "medianResTime" : 741.5,
    "minResTime" : 290.0,
    "maxResTime" : 997.0,
    "pct1ResTime" : 932.0,
    "pct2ResTime" : 960.0,
    "pct3ResTime" : 982.99,
    "throughput" : 42.94610264118531,
    "receivedKBytesPerSec" : 39.87981801589006,
    "sentKBytesPerSec" : 19.669650526089757
  },
  "auth" : {
    "transaction" : "auth",
    "sampleCount" : 1000,
    "errorCount" : 0,
    "errorPct" : 0.0,
    "meanResTime" : 1826.3050000000023,
    "medianResTime" : 1320.0,
    "minResTime" : 1238.0,
    "maxResTime" : 22192.0,
    "pct1ResTime" : 3637.7999999999993,
    "pct2ResTime" : 4493.199999999999,
    "pct3ResTime" : 5404.96,
    "throughput" : 37.70881254949281,
    "receivedKBytesPerSec" : 28.69802665070327,
    "sentKBytesPerSec" : 9.353553112862476
  },
  "Total" : {
    "transaction" : "Total",
    "sampleCount" : 5000,
    "errorCount" : 0,
    "errorPct" : 0.0,
    "meanResTime" : 1108.6004000000007,
    "medianResTime" : 981.0,
    "minResTime" : 287.0,
    "maxResTime" : 22192.0,
    "pct1ResTime" : 1468.0,
    "pct2ResTime" : 1588.0,
    "pct3ResTime" : 4493.8399999999965,
    "throughput" : 180.60321473722232,
    "receivedKBytesPerSec" : 152.90404325446994,
    "sentKBytesPerSec" : 57.60254876286798
  },
  "GetBooking" : {
    "transaction" : "GetBooking",
    "sampleCount" : 1000,
    "errorCount" : 0,
    "errorPct" : 0.0,
    "meanResTime" : 734.6310000000001,
    "medianResTime" : 767.0,
    "minResTime" : 288.0,
    "maxResTime" : 1001.0,
    "pct1ResTime" : 928.6999999999999,
    "pct2ResTime" : 959.0,
    "pct3ResTime" : 987.0,
    "throughput" : 43.036667240488896,
    "receivedKBytesPerSec" : 38.744936467119985,
    "sentKBytesPerSec" : 7.228815200550869
  },
  "DeleteBooking" : {
    "transaction" : "DeleteBooking",
    "sampleCount" : 1000,
    "errorCount" : 0,
    "errorPct" : 0.0,
    "meanResTime" : 1133.6469999999995,
    "medianResTime" : 1186.0,
    "minResTime" : 299.0,
    "maxResTime" : 1929.0,
    "pct1ResTime" : 1560.0,
    "pct2ResTime" : 1584.0,
    "pct3ResTime" : 1593.0,
    "throughput" : 43.299415457891314,
    "receivedKBytesPerSec" : 32.044611928988964,
    "sentKBytesPerSec" : 9.767739229270406
  },
  "UpdateBooking" : {
    "transaction" : "UpdateBooking",
    "sampleCount" : 1000,
    "errorCount" : 0,
    "errorPct" : 0.0,
    "meanResTime" : 1158.0949999999968,
    "medianResTime" : 1236.0,
    "minResTime" : 287.0,
    "maxResTime" : 1595.0,
    "pct1ResTime" : 1475.0,
    "pct2ResTime" : 1559.0,
    "pct3ResTime" : 1583.0,
    "throughput" : 43.08859014133058,
    "receivedKBytesPerSec" : 38.915729489831094,
    "sentKBytesPerSec" : 21.333901564115823
  }
}